bodysize,survive
26.61463,0
27.31029,0
27.51119,0
27.98596,0
28.16895,0
28.54737,1
29.22837,0
29.52430,1
29.59745,0
30.35249,0
30.65372,1
30.97221,1
31.25234,0
31.29152,1
31.39348,1
31.40920,1
32.44760,0
32.91571,1
33.41219,1
33.63792,1
